R2i_Group:B	R2i_Group:M
9.046639576e-01	8.386968383e-01
