E2i_Group:B	E2i_Group:M
4.168492041e-02	4.168492041e-02
