	Group:B	Group:M
Group:B	8.314057281e-01	2.200921008e-01
Group:M	8.282862269e-02	8.348865721e-01
