	Group:B	Group:M
Group:B	9.046666692e-01	9.533333084e-02
Group:M	1.612985740e-01	8.387014260e-01
