	Group:B	Group:M
Group:B	1.671594030e-01	1.671594030e-01
Group:M	2.703904620e-01	2.703904620e-01
