	Mean Group:virginica	Std Group:virginica	Q2 Group:virginica	IQR Group:virginica
SepalLength	6.588000000e+00	6.358795933e-01	6.500000000e+00	7.000000000e-01
SepalWidth	2.974000000e+00	3.224966382e-01	3.000000000e+00	4.000000000e-01
PetalLength	5.552000000e+00	5.518946957e-01	5.550000000e+00	8.000000000e-01
PetalWidth	2.026000000e+00	2.746500556e-01	2.000000000e+00	5.000000000e-01
