	Mean Group:setosa	Std Group:setosa	Q2 Group:setosa	IQR Group:setosa
SepalLength	5.006000000e+00	3.524896872e-01	5.000000000e+00	4.000000000e-01
SepalWidth	3.428000000e+00	3.790643691e-01	3.400000000e+00	5.000000000e-01
PetalLength	1.462000000e+00	1.736639965e-01	1.500000000e+00	2.000000000e-01
PetalWidth	2.460000000e-01	1.053855894e-01	2.000000000e-01	1.000000000e-01
