	Group:setosa	Group:versicolor	Group:virginica
Normalized	3.523729085e-01	3.523729085e-01	3.523729085e-01
Unnormalized	5.000000000e-01	5.000000000e-01	5.000000000e-01
