	PC1	PC2	PC3	PC4
XVarExplained	7.290283233e+01	2.278740213e+01	3.784093518e+00	5.256720247e-01
