	PC1	PC2	PC3	PC4
YVarExplained	4.711430059e+01	8.616418308e+00	2.871588762e+00	9.926335953e-01
