	Group:B	Group:M
Group:B	1.823169013e-01	1.431322091e-01
Group:M	1.613053077e-01	1.909399274e-01
