	Group:B	Group:M
Normalized	-2.657448678e-01	2.657448678e-01
Unnormalized	5.000000000e-01	5.000000000e-01
