	P-Value	-Log10[P-Value]	Z-Score	Abs[Z-Score]	FoldChange	Log2[FoldChange]
UDP_glucuronate	2.242029148e-03	2.649358745e+00	4.157756984e+00	4.157756984e+00	1.418295542e+00	5.041581903e-01
Inosine	2.325089736e-03	2.633560281e+00	4.481563347e+00	4.481563347e+00	2.095586148e+00	1.067353831e+00
NADPH	2.872972341e-03	2.541668555e+00	4.298505881e+00	4.298505881e+00	2.200233727e+00	1.137656787e+00
Lactate	2.079489239e-02	1.682043323e+00	-2.854477889e+00	2.854477889e+00	5.419032239e-01	-8.838928649e-01
AMP	2.364419440e-02	1.626275479e+00	2.708492331e+00	2.708492331e+00	1.151783584e+00	2.038696644e-01
Leucine	2.557013381e-02	1.592266999e+00	2.735105411e+00	2.735105411e+00	1.188116922e+00	2.486768184e-01
Tyrosine	3.357757588e-02	1.473950661e+00	2.556687137e+00	2.556687137e+00	1.173671930e+00	2.310291957e-01
Glucose	3.788481921e-02	1.421534781e+00	2.409637438e+00	2.409637438e+00	1.246467475e+00	3.178452376e-01
Alanine	4.478065280e-02	1.348909580e+00	-2.457505944e+00	2.457505944e+00	6.224741995e-01	-6.839140538e-01
