	P-Value	-Log10[P-Value]	Z-Score	Abs[Z-Score]	FoldChange	Log2[FoldChange]
Inosine	2.188296150e-03	2.659893904e+00	-4.107939437e+00	4.107939437e+00	4.581883300e-01	-1.125987381e+00
NADP_	8.113231171e-03	2.090806149e+00	-3.301789282e+00	3.301789282e+00	5.797079279e-01	-7.866018792e-01
Leucine	1.941584408e-02	1.711843724e+00	-2.781123522e+00	2.781123522e+00	8.113338898e-01	-3.016323432e-01
UDP_glucose	2.213616059e-02	1.654897703e+00	-2.818939844e+00	2.818939844e+00	8.358033647e-01	-2.587645284e-01
NADPH	2.227128984e-02	1.652254630e+00	2.702899914e+00	2.702899914e+00	1.970530664e+00	9.785841996e-01
Tyrosine	2.495376351e-02	1.602863945e+00	-2.819504662e+00	2.819504662e+00	8.183192140e-01	-2.892643683e-01
Lactate	3.284572657e-02	1.483521127e+00	2.509465895e+00	2.509465895e+00	1.749559783e+00	8.069919625e-01
