	P-Value	-Log10[P-Value]	Z-Score	Abs[Z-Score]	FoldChange	Log2[FoldChange]
NADPH	3.735349259e-04	3.427668785e+00	6.142849415e+00	6.142849415e+00	4.335628025e+00	2.116240986e+00
NADH	6.161618383e-03	2.210305203e+00	3.983459230e+00	3.983459230e+00	2.031590785e+00	1.022609835e+00
NADP_	8.373998411e-03	2.077067126e+00	-3.304404089e+00	3.304404089e+00	5.054717648e-01	-9.842975883e-01
Methionine	8.664822105e-03	2.062240349e+00	3.266938309e+00	3.266938309e+00	1.527509545e+00	6.111813951e-01
UDP_glucose	1.228322391e-02	1.910687631e+00	-3.120268573e+00	3.120268573e+00	8.084350850e-01	-3.067961607e-01
NAD_	1.923504419e-02	1.715906812e+00	-2.916087431e+00	2.916087431e+00	8.189266672e-01	-2.881938270e-01
UDP_glucuronate	4.305599909e-02	1.365966329e+00	2.374908956e+00	2.374908956e+00	1.234905796e+00	3.044009906e-01
Malate	4.628179379e-02	1.334589817e+00	-2.323346609e+00	2.323346609e+00	7.202524622e-01	-4.734254076e-01
