	P-Value	-Log10[P-Value]	Adj-P-Value	-Log10[Adj-P-Value]	Z-Score	Abs[Z-Score]	FoldChange	Log2[FoldChange]
PetalWidth	2.717007783e-47	4.656590912e+01	2.264173152e-46	4.564509036e+01	-3.408034154e+01	3.408034154e+01	1.855203620e-01	-2.430350555e+00
PetalLength	9.934432958e-46	4.500285692e+01	4.139347066e-45	4.438306816e+01	-3.949271939e+01	3.949271939e+01	3.431924883e-01	-1.542910119e+00
SepalLength	3.746742614e-17	1.642634614e+01	1.040761837e-16	1.598264864e+01	-1.052098627e+01	1.052098627e+01	8.433288410e-01	-2.458328009e-01
SepalWidth	2.484227896e-15	1.460480857e+01	5.175474783e-15	1.428604980e+01	9.454975848e+00	9.454975848e+00	1.237545126e+00	3.074811332e-01
