	P-Value	-Log10[P-Value]	Adj-P-Value	-Log10[Adj-P-Value]	Z-Score	Abs[Z-Score]	FoldChange	Log2[FoldChange]
PetalLength	9.269627585e-50	4.903293771e+01	7.724689654e-49	4.811211896e+01	-4.998618626e+01	4.998618626e+01	2.633285303e-01	-1.925064257e+00
PetalWidth	2.437136067e-48	4.761312022e+01	1.015473361e-47	4.699333146e+01	-4.278579752e+01	4.278579752e+01	1.214215202e-01	-3.041903953e+00
SepalLength	3.966867271e-25	2.440155233e+01	1.101907575e-24	2.395785483e+01	-1.538619582e+01	1.538619582e+01	7.598664238e-01	-3.961822640e-01
SepalWidth	4.570771424e-09	8.340010496e+00	9.522440467e-09	8.021251734e+00	6.450349090e+00	6.450349090e+00	1.152656355e+00	2.049624621e-01
