	Mean Group:versicolor	Std Group:versicolor	Q2 Group:versicolor	IQR Group:versicolor
SepalLength	5.936000000e+00	5.161711471e-01	5.900000000e+00	7.000000000e-01
SepalWidth	2.770000000e+00	3.137983234e-01	2.800000000e+00	5.000000000e-01
PetalLength	4.260000000e+00	4.699109772e-01	4.350000000e+00	6.000000000e-01
PetalWidth	1.326000000e+00	1.977526800e-01	1.300000000e+00	3.000000000e-01
