	Group:Group:A	Group:Group:B	Group:Group:C	Group:Group:D	Group:Group:E
Normalized	7.373940602e-01	7.373940602e-01	7.373940602e-01	7.373940602e-01	7.373940602e-01
Unnormalized	5.000000000e-01	5.000000000e-01	5.000000000e-01	5.000000000e-01	5.000000000e-01
